{"train/loss": 0.2601165771484375, "train/acc": 0.875, "train/chosen_reward": 0.2991943359375, "train/reject_reward": -3.5029296875, "train/loss_mean": 0.26689383387565613, "train/acc_mean": 0.8669205904006958, "train/lr": 9.057401939571719e-07, "train/global_step": 240, "_timestamp": 1725444815.8816266, "_runtime": 3269.1454746723175, "_step": 33, "eval/eval_loss": 0.20006293058395386, "eval/acc_mean": 0.9153225421905518, "eval/reward_mean": 0.09775824099779129, "eval/reward_std": 3.782824993133545, "eval/global_step": 200, "_wandb": {"runtime": 3324}}