{"train/loss": 0.359375, "train/acc": 0.84375, "train/chosen_reward": 0.236083984375, "train/reject_reward": -1.638427734375, "train/loss_mean": 0.3972548246383667, "train/acc_mean": 0.7931755185127258, "train/lr": 9.057401939571719e-07, "train/global_step": 240, "_timestamp": 1724923596.9184308, "_runtime": 3415.7751858234406, "_step": 33, "eval/eval_loss": 0.4341883659362793, "eval/acc_mean": 0.8034273982048035, "eval/reward_mean": -0.20467914640903473, "eval/reward_std": 1.9630995988845825, "eval/global_step": 200, "_wandb": {"runtime": 3472}}