{"train/loss": 0.470458984375, "train/acc": 0.7890625, "train/chosen_reward": 0.678466796875, "train/reject_reward": -0.59912109375, "train/loss_mean": 0.448161244392395, "train/acc_mean": 0.7841833829879761, "train/lr": 8.999999749903509e-07, "train/global_step": 244, "_timestamp": 1728658116.973917, "_runtime": 590.57692694664, "_step": 125, "eval/eval_loss": 0.4432024359703064, "eval/acc_mean": 0.8002232313156128, "eval/reward_mean": 0.6442224383354187, "eval/reward_std": 1.4803054332733154, "eval/global_step": 200, "_wandb": {"runtime": 587}}