{"train/loss": 0.382080078125, "train/acc": 0.83203125, "train/chosen_reward": 1.267578125, "train/reject_reward": -0.8486328125, "train/loss_mean": 0.3330278992652893, "train/acc_mean": 0.8562454581260681, "train/lr": 8.999999749903509e-07, "train/global_step": 244, "_timestamp": 1725349666.5051985, "_runtime": 1093.6601295471191, "_step": 247, "eval/eval_loss": 0.2408447265625, "eval/acc_mean": 0.8984375596046448, "eval/reward_mean": 0.12757770717144012, "eval/reward_std": 2.2648088932037354, "eval/global_step": 200, "_wandb": {"runtime": 1087}}