{"train/loss": 0.262481689453125, "train/acc": 0.875, "train/chosen_reward": 0.646240234375, "train/reject_reward": -3.2119140625, "train/loss_mean": 0.2674231231212616, "train/acc_mean": 0.8749889135360718, "train/lr": 9.057401939571719e-07, "train/global_step": 240, "_timestamp": 1724419082.5462437, "_runtime": 3417.9536097049713, "_step": 33, "eval/eval_loss": 0.20759908854961395, "eval/acc_mean": 0.9092742204666138, "eval/reward_mean": 0.7440962791442871, "eval/reward_std": 3.587198495864868, "eval/global_step": 200, "_wandb": {"runtime": 3474}}