{"train/loss": 0.384521484375, "train/acc": 0.8125, "train/chosen_reward": 1.28857421875, "train/reject_reward": -0.73876953125, "train/loss_mean": 0.33578163385391235, "train/acc_mean": 0.8546777367591858, "train/lr": 8.999999749903509e-07, "train/global_step": 244, "_timestamp": 1725366481.7992465, "_runtime": 1093.5427334308624, "_step": 247, "eval/eval_loss": 0.2435913234949112, "eval/acc_mean": 0.9062500596046448, "eval/reward_mean": -0.04584550857543945, "eval/reward_std": 2.2316906452178955, "eval/global_step": 200, "_wandb": {"runtime": 1087}}