{"train/policy_loss": 0.00018918226123787463, "train/actor_lr": 4.864271891946714e-07, "train/kl": 0.022401631198804745, "train/reward": -1.2535314559936523, "train/return": -1.477161998860538, "train/response_length": 1004.9765625, "train/total_length": 1011.9765625, "train/critic_loss": 0.001577542455834191, "train/values": -0.7750244140625, "train/critic_lr": 8.755689535178135e-06, "train/global_step": 9, "_timestamp": 1724784005.3061452, "_runtime": 11582.40359210968, "_step": 8, "_wandb": {"runtime": 12755}}