{"train/loss": 0.507568359375, "train/acc": 0.78125, "train/chosen_reward": 0.2109375, "train/reject_reward": -0.785888671875, "train/loss_mean": 0.4991443157196045, "train/acc_mean": 0.7520976066589355, "train/lr": 8.999999749903509e-07, "train/global_step": 244, "_timestamp": 1728383671.1298347, "_runtime": 779.9258646965027, "_step": 125, "eval/eval_loss": 0.4847237467765808, "eval/acc_mean": 0.7633928656578064, "eval/reward_mean": 0.020274417474865913, "eval/reward_std": 1.2121715545654297, "eval/global_step": 200, "_wandb": {"runtime": 779}}