{"train/loss": 0.350830078125, "train/acc": 0.8125, "train/chosen_reward": 0.5223388671875, "train/reject_reward": -1.66162109375, "train/loss_mean": 0.37082985043525696, "train/acc_mean": 0.8308097124099731, "train/lr": 9.057401939571719e-07, "train/global_step": 120, "_timestamp": 1723735940.8669379, "_runtime": 2309.2011349201202, "_step": 30, "eval/eval_loss": 0.2860369086265564, "eval/acc_mean": 0.8660714030265808, "eval/reward_mean": 0.7422358989715576, "eval/reward_std": 2.4472761154174805, "eval/global_step": 122, "_wandb": {"runtime": 2308}}