{"train/loss": 0.35772705078125, "train/acc": 0.84375, "train/chosen_reward": 1.1806640625, "train/reject_reward": -0.7109375, "train/loss_mean": 0.39082077145576477, "train/acc_mean": 0.7918037176132202, "train/lr": 9.057401939571719e-07, "train/global_step": 240, "_timestamp": 1724575400.3230174, "_runtime": 3440.725462436676, "_step": 33, "eval/eval_loss": 0.43553653359413147, "eval/acc_mean": 0.7933467626571655, "eval/reward_mean": 0.7172228097915649, "eval/reward_std": 1.9893218278884888, "eval/global_step": 200, "_wandb": {"runtime": 3500}}